{"y":131,"x":25,"gravity":1,"score":9988,"fitness":0,"velocity":-7,"radius":16,"brain":{"input_nodes":4,"hidden_nodes":4,"output_nodes":2,"weights_ih":{"rows":4,"cols":4,"data":[[0.34508835105899927,0.3050730120828504,-0.061306563107264456,0.4355745603046688],[0.3510902266217748,-0.8838093301529062,-0.7068695694174387,0.6353435165544625],[-0.7530025197933776,0.0320119739828062,-0.9881952987944036,0.004994810062159516],[0.9968114864793778,-0.14430013077875525,-0.6755431003555992,-0.7230647516077018]]},"weights_ho":{"rows":2,"cols":4,"data":[[0.34445425583998546,0.38006507036388104,-0.1671713028106545,-0.09265516255500739],[-0.010404411868442764,-0.5944866998196376,0.08372949065207536,-0.7185720353514293]]},"bias_h":{"rows":4,"cols":1,"data":[[0.46435528024598494],[-0.6456368502108134],[-0.08198904277142072],[0.43060682692368113]]},"bias_o":{"rows":2,"cols":1,"data":[[-0.4281771437616735],[0.48688078336407603]]},"learning_rate":0.1,"activation_function":{}}}